input,target
grammar: So I think we can not live if old people could not find siences and tecnologies and they did not developped .,So I think we would not be alive if our ancestors did not develop sciences and technologies .
grammar: So I think we can not live if old people could not find siences and tecnologies and they did not developped .,So I think we could not live if older people did not develop science and technologies .
grammar: So I think we can not live if old people could not find siences and tecnologies and they did not developped .,So I think we can not live if old people could not find science and technologies and they did not develop .
grammar: So I think we can not live if old people could not find siences and tecnologies and they did not developped .,So I think we can not live if old people can not find the science and technology that has not been developed .
grammar: For not use car .,Not for use with a car .
grammar: For not use car .,Do not use in the car .
grammar: For not use car .,Car not for use .
grammar: For not use car .,Can not use the car .
grammar: Here was no promise of morning except that we looked up through the trees we saw how low the forest had swung .,"Here was no promise of morning , except that we looked up through the trees , and we saw how low the forest had swung ."
grammar: Here was no promise of morning except that we looked up through the trees we saw how low the forest had swung .,"Here , there was no promise of morning , except that we looked up through the trees and saw how low the forest had swung ."
grammar: Here was no promise of morning except that we looked up through the trees we saw how low the forest had swung .,Here was no promise of morning except that we looked up through the trees and we saw how low the forest had swung .
grammar: Here was no promise of morning except that we looked up through the trees we saw how low the forest had swung .,There was no promise of morning except when we looked up through the trees and saw how low the forest had swung .
